id,label
145,0.5034674406051636
211,0.5041736960411072
162,0.5032632946968079
200,0.5053730010986328
210,0.5036954283714294
224,0.5032894015312195
213,0.5028572082519531
109,0.5046192407608032
15,0.5032859444618225
167,0.5024935007095337
