id,label
109,0.647685706615448
145,0.7054868340492249
15,0.6689538955688477
162,0.686177670955658
167,0.5918260216712952
200,0.6579271554946899
210,0.7442529201507568
211,0.6473265886306763
213,0.6399148106575012
224,0.6091761589050293
